airport;aeroway=aerodrome
gliderports;aeroway=aerodrome,aerodrome:type=glider  
major_airports;aeroway=aerodrome,aerodrome:type=international
domestic_airports;aeroway=aerodrome,aerodrome:type=regional
seaplane_bases;aeroway=aerodrome,aerodrome:type=seaplane  
ultralight_airports;aeroway=aerodrome,aerodrome:type=ultralight  
heliports;aeroway=heliport
airport_terminal;aeroway=terminal
sky_diving;amenity=aerodrome,sport=skydiving  
medical_transportation;amenity=ambulance_station  
pet_boarding;amenity=animal_boarding
horse_boarding;amenity=animal_boarding,animal_boarding=horse
animal_shelter;amenity=animal_shelter
pet_training;amenity=animal_training
dog_trainer;amenity=animal_training,animal_training=dog
horse_trainer;amenity=animal_training,animal_training=horse
arts_and_entertainment;amenity=arts_centre
atms;amenity=atm
banks;amenity=bank
installment_loans;amenity=bank,atm=yes  
credit_union;amenity=bank,name=credit_union  
bar;amenity=bar
speakeasy;amenity=bar,access=private  
sports_bar;amenity=bar,bar=sports  
beer_bar;amenity=bar,drink:beer=yes
cocktail_bar;amenity=bar,drink:cocktail=yes
sake_bar;amenity=bar,drink:sake=yes
champagne_bar;amenity=bar,drink:sparkling_wine=yes
whiskey_bar;amenity=bar,drink:whisky=yes
wine_bar;amenity=bar,drink:wine=yes
drive_thru_bar;amenity=bar,drive_through=yes
gay_bar;amenity=bar,lgbtq=primary
piano_bar;amenity=bar,live_music=yes
hookah_bar;amenity=bar,smoking=hookah  
cigar_bar;amenity=bar,smoking=yes  
tiki_bar;amenity=bar,theme=tiki
bike_parking;amenity=bicycle_parking
bike_rentals;amenity=bicycle_rental
beer_garden;amenity=biergarten
canoe_and_kayak_hire_service;amenity=boat_rental  
boat_charter;amenity=boat_rental,boat:charter=yes  
boat_rental_and_training;amenity=boat_rental,training=yes  
erotic_massage;amenity=brothel,brothel=massage  
currency_exchange;amenity=bureau_de_change  
airport_shuttles;amenity=bus_station
bus_station;amenity=bus_station,public_transport=station
cafe;amenity=cafe
acai_bowls;amenity=cafe,cuisine=acai_bowls
bagel_shop;amenity=cafe,cuisine=bagel
bubble_tea;amenity=cafe,cuisine=bubble_tea
coffee_shop;amenity=cafe,cuisine=coffee_shop
hong_kong_style_cafe;amenity=cafe,cuisine=hong_kong
tea_room;amenity=cafe,cuisine=tea  
oxygen_bar;amenity=cafe,note=oxygen_bar  
educational_camp;amenity=camp_site,camp_site=education  
automobile_leasing;amenity=car_rental
automotive_services_and_repair;amenity=car_repair
oil_change_station;amenity=car_repair,car_repair:oil_change=yes  
recreation_vehicle_repair;amenity=car_repair,car_repair=caravan  
emissions_inspection;amenity=car_repair,car_repair=emissions  
windshield_installation_and_repair;amenity=car_repair,car_repair=glass  
motorsport_vehicle_repair;amenity=car_repair,car_repair=performance  
towing_service;amenity=car_repair,car_repair=towing  
trailer_repair;amenity=car_repair,car_repair=trailers  
transmission_repair;amenity=car_repair,car_repair=transmission  
truck_repair;amenity=car_repair,car_repair=truck  
tire_repair_shop;amenity=car_repair,car_repair=tyres  
wheel_and_rim_repair;amenity=car_repair,car_repair=wheels  
mobile_dent_repair;amenity=car_repair,mobile=yes  
diy_auto_shop;amenity=car_repair,self_service=yes  
car_sharing;amenity=car_sharing
car_wash;amenity=car_wash
betting_center;amenity=casino  
ev_charging_station;amenity=charging_station
child_care_and_day_care;amenity=childcare  
cinema;amenity=cinema
drive_in_theatre;amenity=cinema,drive_in=yes
outdoor_movies;amenity=cinema,outdoor=yes
medical_center;amenity=clinic  
abortion_clinic;amenity=clinic,healthcare:speciality=abortion
cannabis_clinic;amenity=clinic,healthcare:speciality=cannabis  
acne_treatment;amenity=clinic,healthcare:speciality=dermatology
ultrasound_imaging_center;amenity=clinic,healthcare:speciality=diagnostic_imaging  
eating_disorder_treatment_centers;amenity=clinic,healthcare:speciality=eating_disorders  
sperm_clinic;amenity=clinic,healthcare:speciality=fertility  
women's_health_clinic;amenity=clinic,healthcare:speciality=gynecology  
hair_loss_center;amenity=clinic,healthcare:speciality=hair_loss  
maternity_centers;amenity=clinic,healthcare:speciality=maternity  
pain_management;amenity=clinic,healthcare:speciality=pain_management  
sports_medicine;amenity=clinic,healthcare:speciality=sports_medicine  
weight_loss_center;amenity=clinic,healthcare:speciality=weight_loss  
fertility;amenity=clinic,healthcare=clinic,healthcare:speciality=fertility
diagnostic_services;amenity=clinic,healthcare=speciality=diagnostic  
dialysis_clinic;amenity=clinic,healthcare=speciality=dialysis  
laser_eye_surgery_lasik;amenity=clinic,healthcare=speciality=laser_surgery  
eye_care_clinic;amenity=clinic,healthcare=speciality=ophthalmology  
diagnostic_imaging;amenity=clinic,healthcare=speciality=radiology  
urgent_care_clinic;amenity=clinic,healthcare=speciality=urgent_care  
mobile_clinic;amenity=clinic,mobile=yes  
public_health_clinic;amenity=clinic,operator:type=public
architecture_schools;amenity=college
dentistry_schools;amenity=college,subject=dentistry  
engineering_schools;amenity=college,subject=engineering  
massage_school;amenity=college,subject=massage  
nursing_school;amenity=college,subject=nursing  
science_schools;amenity=college,subject=science  
community_center;amenity=community_centre
children_hall;amenity=community_centre,community_centre:for=children  
paint_and_sip;amenity=community_centre,community_centre=art_studio,alcohol=yes  
paint_your_own_pottery;amenity=community_centre,community_centre=art_studio,craft=pottery  
gay_and_lesbian_services_organization;amenity=community_centre,community_centre=lgbt  
makerspace;amenity=community_centre,community_centre=makerspace  
meditation_center;amenity=community_centre,community_centre=meditation  
student_union;amenity=community_centre,community_centre=student  
kitchen_incubator;amenity=community_centre,community_centre=workspace,workspace=kitchen  
scout_hall;amenity=community_centre,community_centre=youth  
courthouse;amenity=courthouse
coworking_space;amenity=coworking_space
cremation_services;amenity=crematorium
dentist;amenity=dentist
cosmetic_dentist;amenity=dentist,healthcare:speciality=cosmetic_dentistry  
dental_hygienist;amenity=dentist,healthcare:speciality=hygiene  
pediatric_dentist;amenity=dentist,healthcare:speciality=pediatric_dentistry  
teeth_whitening;amenity=dentist,service=whitening  
diving_center;amenity=dive_centre  
free_diving_center;amenity=dive_centre,sport=freediving  
doctor;amenity=doctors
concierge_medicine;amenity=doctors  
allergist;amenity=doctors,healthcare:speciality=allergology
anesthesiologist;amenity=doctors,healthcare:speciality=anaesthetics
cardiologist;amenity=doctors,healthcare:speciality=cardiology  
cardiovascular_and_thoracic_surgeon;amenity=doctors,healthcare:speciality=cardiothoracic_surgery  
medical_cannabis_referral;amenity=doctors,healthcare:speciality=medical_cannabis  
podiatry;amenity=doctors,healthcare:speciality=podiatry
psychiatrist;amenity=doctors,healthcare:speciality=psychiatry
boxing_class;amenity=dojo,sport=boxing  
brazilian_jiu_jitsu_club;amenity=dojo,sport=jiu_jitsu  
chinese_martial_arts_club;amenity=dojo,sport=martial_arts,martial_arts:style=chinese  
drinking_water_dispenser;amenity=drinking_water,fountain=water_dispenser
driving_school;amenity=driving_school
employment_agencies;amenity=employment_agency  
nanny_services;amenity=employment_agency,employment_agency=nanny  
festival;amenity=events_venue  
exhibition_and_trade_center;amenity=exhibition_centre  
fast_food_restaurant;amenity=fast_food
donuts;amenity=fast_food,cuisine=donut
empanadas;amenity=fast_food,cuisine=empanada
friterie;amenity=fast_food,cuisine=fries  
smoothie_juice_bar;amenity=fast_food,cuisine=juice
doner_kebab;amenity=fast_food,cuisine=kebab
salad_bar;amenity=fast_food,cuisine=salad
sandwich_shop;amenity=fast_food,cuisine=sandwich
fishchbroetchen_restaurant;amenity=fast_food,cuisine=seafood  
kombucha;amenity=fast_food,drink:kombucha=yes
milk_bar;amenity=fast_food,drink:milk=yes
milkshake_bar;amenity=fast_food,drink:milkshake=yes
canteen;amenity=fast_food,fast_food=cafeteria
ferry_service;amenity=ferry_terminal  
fire_department;amenity=fire_station
flight_school;amenity=flight_school  
food_court;amenity=food_court
fortune_telling_service;amenity=fortune_teller  
fountain;amenity=fountain
gas_station;amenity=fuel
fuel_dock;amenity=fuel,fuel:marine=yes  
truck_gas_station;amenity=fuel,hgv=yes
funeral_services_and_cemeteries;amenity=funeral_hall
pet_cemetery_and_crematorium_services;amenity=grave_yard,grave_yard=pet
hospital;amenity=hospital
emergency_room;amenity=hospital,department=emergency  
emergency_medicine;amenity=hospital,healthcare:speciality=emergency  
cancer_treatment_center;amenity=hospital,healthcare:speciality=oncology  
childrens_hospital;amenity=hospital,healthcare:speciality=paediatrics  
rehabilitation_center;amenity=hospital,hospital:category=rehabilitation  
surgical_center;amenity=hospital,hospital:type=outpatient  
organ_and_tissue_donor_service;amenity=hospital,service=donor  
ice_cream_shop;amenity=ice_cream
shaved_ice_shop;amenity=ice_cream,ice_cream=shaved_ice  
shaved_snow_shop;amenity=ice_cream,ice_cream=shaved_snow  
internet_cafe;amenity=internet_cafe
karaoke;amenity=karaoke_box  
day_care_preschool;amenity=kindergarten  
laboratory;amenity=laboratory  
dental_laboratories;amenity=laboratory,laboratory=dental  
environmental_testing;amenity=laboratory,laboratory=environmental  
laboratory_testing;amenity=laboratory,laboratory=testing  
paternity_tests_and_services;amenity=laboratory,service=paternity_test  
language_school;amenity=language_school
laundromat;amenity=laundry  
library;amenity=library
luggage_storage;amenity=locker  
lounge;amenity=lounge
boat_storage_facility;amenity=marina  
public_market;amenity=marketplace  
flea_market;amenity=marketplace,marketplace=flea_market  
flower_markets;amenity=marketplace,marketplace=flowers  
night_market;amenity=marketplace,opening_hours=night  
holiday_market;
convents_and_monasteries;amenity=monastery  
money_transfer_services;amenity=money_transfer  
mortuary_services;amenity=mortuary
motorcycle_parking;amenity=motorcycle_parking
music_school;amenity=music_school
topic_concert_venue;amenity=music_venue
dance_club;amenity=nightclub
striptease_dancer;amenity=nightclub,entertainment=striptease  
country_dance_hall;amenity=nightclub,genre=country_dance  
jazz_and_blues;amenity=nightclub,music=jazz
skilled_nursing;amenity=nursing_home  
package_locker;amenity=parcel_locker  
parking;amenity=parking
park_and_rides;amenity=parking,park_ride=yes  
rv_storage_facility;amenity=parking,parking=storage,caravan=yes  
rv_and_boat_storage_facility;amenity=parking,parking=storage,caravan=yes,boat=yes  
valet_service;amenity=parking,parking=valet  
pharmacy;amenity=pharmacy
religious_destination;amenity=place_of_worship
buddhist_temple;amenity=place_of_worship,religion=buddhist
church_cathedral;amenity=place_of_worship,religion=christian
anglican_church;amenity=place_of_worship,religion=christian,denomination=anglican
baptist_church;amenity=place_of_worship,religion=christian,denomination=baptist
catholic_church;amenity=place_of_worship,religion=christian,denomination=catholic
episcopal_church;amenity=place_of_worship,religion=christian,denomination=episcopal
evangelical_church;amenity=place_of_worship,religion=christian,denomination=evangelical
jehovahs_witness_kingdom_hall;amenity=place_of_worship,religion=christian,denomination=jehovahs_witness  
pentecostal_church;amenity=place_of_worship,religion=christian,denomination=pentecostal
wedding_chapel;amenity=place_of_worship,religion=christian,service=wedding  
hindu_temple;amenity=place_of_worship,religion=hindu
synagogue;amenity=place_of_worship,religion=jewish
mosque;amenity=place_of_worship,religion=muslim
shinto_shrines;amenity=place_of_worship,religion=shinto
sikh_temple;amenity=place_of_worship,religion=sikh
planetarium;amenity=planetarium
police_department;amenity=police
emergency_service;
post_office;amenity=post_office
mailbox_center;amenity=post_office,post_office:type=contract  
jail_and_prison;amenity=prison
juvenile_detention_center;amenity=prison,prison=juvenile  
pub;amenity=pub
gastropub;amenity=pub,food=yes
irish_pub;amenity=pub,theme=irish
public_bath_houses;amenity=public_bath  
recycling_center;amenity=recycling,recycling_type=centre
donation_center;amenity=recycling,recycling_type=donation  
audiovisual_equipment_rental;amenity=rental
research_institute;amenity=research_institute
rest_stop;amenity=rest_area  
restaurant;amenity=restaurant
bar_and_grill_restaurant;amenity=restaurant,bar=yes
afghan_restaurant;amenity=restaurant,cuisine=afghan
african_restaurant;amenity=restaurant,cuisine=african
american_restaurant;amenity=restaurant,cuisine=american
arabian_restaurant;amenity=restaurant,cuisine=arab
argentine_restaurant;amenity=restaurant,cuisine=argentinian
armenian_restaurant;amenity=restaurant,cuisine=armenian
asian_restaurant;amenity=restaurant,cuisine=asian
oriental_restaurant;
pan_asian_restaurant;
australian_restaurant;amenity=restaurant,cuisine=australian
austrian_restaurant;amenity=restaurant,cuisine=austrian
schnitzel_restaurant;amenity=restaurant,cuisine=austrian  
azerbaijani_restaurant;amenity=restaurant,cuisine=azerbaijani
bagel_restaurant;amenity=restaurant,cuisine=bagel
bangladeshi_restaurant;amenity=restaurant,cuisine=bangladeshi
baozi_restaurant;amenity=restaurant,cuisine=baozi
barbecue_restaurant;amenity=restaurant,cuisine=barbecue
smokehouse;amenity=restaurant,cuisine=barbecue  
basque_restaurant;amenity=restaurant,cuisine=basque
belarusian_restaurant;amenity=restaurant,cuisine=belarusian
belgian_restaurant;amenity=restaurant,cuisine=belgian
belizean_restaurant;amenity=restaurant,cuisine=belizean
bolivian_restaurant;amenity=restaurant,cuisine=bolivian
brazilian_restaurant;amenity=restaurant,cuisine=brazilian
breakfast_and_brunch_restaurant;amenity=restaurant,cuisine=breakfast
british_restaurant;amenity=restaurant,cuisine=british
buffet_restaurant;amenity=restaurant,cuisine=buffet
bulgarian_restaurant;amenity=restaurant,cuisine=bulgarian
burger_restaurant;amenity=restaurant,cuisine=burger
burmese_restaurant;amenity=restaurant,cuisine=burmese
cajun_creole_restaurant;amenity=restaurant,cuisine=cajun
cambodian_restaurant;amenity=restaurant,cuisine=cambodian
canadian_restaurant;amenity=restaurant,cuisine=canadian
caribbean_restaurant;amenity=restaurant,cuisine=caribbean
catalan_restaurant;amenity=restaurant,cuisine=catalan
cheesesteak_restaurant;amenity=restaurant,cuisine=cheesesteak
chicken_restaurant;amenity=restaurant,cuisine=chicken
chilean_restaurant;amenity=restaurant,cuisine=chilean
chinese_restaurant;amenity=restaurant,cuisine=chinese
colombian_restaurant;amenity=restaurant,cuisine=colombian
comfort_food_restaurant;amenity=restaurant,cuisine=comfort_food
costa_rican_restaurant;amenity=restaurant,cuisine=costa_rican
serbo_croation_restaurant;amenity=restaurant,cuisine=croatian
cuban_restaurant;amenity=restaurant,cuisine=cuban
curry_sausage_restaurant;amenity=restaurant,cuisine=currywurst
czech_restaurant;amenity=restaurant,cuisine=czech
danish_restaurant;amenity=restaurant,cuisine=danish
desserts;amenity=restaurant,cuisine=dessert  
dim_sum_restaurant;amenity=restaurant,cuisine=dim_sum
diner;amenity=restaurant,cuisine=diner  
dog_meat_restaurant;amenity=restaurant,cuisine=dog_meat
dominican_restaurant;amenity=restaurant,cuisine=dominican
dumpling_restaurant;amenity=restaurant,cuisine=dumplings
eastern_european_restaurant;amenity=restaurant,cuisine=eastern_european
ecuadorian_restaurant;amenity=restaurant,cuisine=ecuadorian
egyptian_restaurant;amenity=restaurant,cuisine=egyptian
ethiopian_restaurant;amenity=restaurant,cuisine=ethiopian
european_restaurant;amenity=restaurant,cuisine=european
falafel_restaurant;amenity=restaurant,cuisine=falafel
filipino_restaurant;amenity=restaurant,cuisine=filipino
fish_restaurant;amenity=restaurant,cuisine=fish
fish_and_chips_restaurant;amenity=restaurant,cuisine=fish_and_chips
flatbread_restaurant;amenity=restaurant,cuisine=flatbread  
fondue_restaurant;amenity=restaurant,cuisine=fondue
french_restaurant;amenity=restaurant,cuisine=french
asian_fusion_restaurant;amenity=restaurant,cuisine=fusion
georgian_restaurant;amenity=restaurant,cuisine=georgian
german_restaurant;amenity=restaurant,cuisine=german
greek_restaurant;amenity=restaurant,cuisine=greek
guamanian_restaurant;amenity=restaurant,cuisine=guamanian
guatemalan_restaurant;amenity=restaurant,cuisine=guatemalan
haitian_restaurant;amenity=restaurant,cuisine=haitian
haute_cuisine_restaurant;amenity=restaurant,cuisine=haute_cuisine
hawaiian_restaurant;amenity=restaurant,cuisine=hawaiian
health_food_restaurant;amenity=restaurant,cuisine=health_food
honduran_restaurant;amenity=restaurant,cuisine=honduran
hot_dog_restaurant;amenity=restaurant,cuisine=hot_dog
hungarian_restaurant;amenity=restaurant,cuisine=hungarian
iberian_restaurant;amenity=restaurant,cuisine=iberian
indian_restaurant;amenity=restaurant,cuisine=indian
indo_chinese_restaurant;amenity=restaurant,cuisine=indian,cuisine=chinese
indonesian_restaurant;amenity=restaurant,cuisine=indonesian
international_restaurant;amenity=restaurant,cuisine=international
irish_restaurant;amenity=restaurant,cuisine=irish
israeli_restaurant;amenity=restaurant,cuisine=israeli
italian_restaurant;amenity=restaurant,cuisine=italian
jamaican_restaurant;amenity=restaurant,cuisine=jamaican
japanese_restaurant;amenity=restaurant,cuisine=japanese
jewish_restaurant;amenity=restaurant,cuisine=jewish
kofta_restaurant;amenity=restaurant,cuisine=kofta
korean_restaurant;amenity=restaurant,cuisine=korean
kurdish_restaurant;amenity=restaurant,cuisine=kurdish
laotian_restaurant;amenity=restaurant,cuisine=laotian
latin_american_restaurant;amenity=restaurant,cuisine=latin_american
lebanese_restaurant;amenity=restaurant,cuisine=lebanese
malaysian_restaurant;amenity=restaurant,cuisine=malaysian
meat_restaurant;amenity=restaurant,cuisine=meat
meatball_restaurant;amenity=restaurant,cuisine=meatballs  
mediterranean_restaurant;amenity=restaurant,cuisine=mediterranean
mexican_restaurant;amenity=restaurant,cuisine=mexican
middle_eastern_restaurant;amenity=restaurant,cuisine=middle_eastern
molecular_gastronomy_restaurant;amenity=restaurant,cuisine=molecular_gastronomy
mongolian_restaurant;amenity=restaurant,cuisine=mongolian
moroccan_restaurant;amenity=restaurant,cuisine=moroccan
himalayan_nepalese_restaurant;amenity=restaurant,cuisine=nepalese
nicaraguan_restaurant;amenity=restaurant,cuisine=nicaraguan
nigerian_restaurant;amenity=restaurant,cuisine=nigerian
noodles_restaurant;amenity=restaurant,cuisine=noodle
norwegian_restaurant;amenity=restaurant,cuisine=norwegian
pakistani_restaurant;amenity=restaurant,cuisine=pakistani
panamanian_restaurant;amenity=restaurant,cuisine=panamanian
pancake_house;amenity=restaurant,cuisine=pancakes  
paraguayan_restaurant;amenity=restaurant,cuisine=paraguayan
persian_iranian_restaurant;amenity=restaurant,cuisine=persian
peruvian_restaurant;amenity=restaurant,cuisine=peruvian
piadina_restaurant;amenity=restaurant,cuisine=piadina
pizza_restaurant;amenity=restaurant,cuisine=pizza
pizza_delivery_service;amenity=restaurant,cuisine=pizza,delivery=only  
poke;amenity=restaurant,cuisine=poke
polish_restaurant;amenity=restaurant,cuisine=polish
polynesian_restaurant;amenity=restaurant,cuisine=polynesian
portuguese_restaurant;amenity=restaurant,cuisine=portuguese
potato_restaurant;amenity=restaurant,cuisine=potato
poutinerie_restaurant;amenity=restaurant,cuisine=poutine
puerto_rican_restaurant;amenity=restaurant,cuisine=puerto_rican
romanian_restaurant;amenity=restaurant,cuisine=romanian
russian_restaurant;amenity=restaurant,cuisine=russian
salvadoran_restaurant;amenity=restaurant,cuisine=salvadoran
scandinavian_restaurant;amenity=restaurant,cuisine=scandinavian
scottish_restaurant;amenity=restaurant,cuisine=scottish
seafood_restaurant;amenity=restaurant,cuisine=seafood
diy_foods_restaurant;amenity=restaurant,cuisine=self_cook  
senegalese_restaurant;amenity=restaurant,cuisine=senegalese
singaporean_restaurant;amenity=restaurant,cuisine=singaporean
slovakian_restaurant;amenity=restaurant,cuisine=slovakian
soul_food;amenity=restaurant,cuisine=soul_food  
soup_restaurant;amenity=restaurant,cuisine=soup
south_african_restaurant;amenity=restaurant,cuisine=south_african
southern_restaurant;amenity=restaurant,cuisine=southern
spanish_restaurant;amenity=restaurant,cuisine=spanish
sri_lankan_restaurant;amenity=restaurant,cuisine=sri_lankan
steakhouse;amenity=restaurant,cuisine=steak_house
sushi_restaurant;amenity=restaurant,cuisine=sushi
swiss_restaurant;amenity=restaurant,cuisine=swiss
syrian_restaurant;amenity=restaurant,cuisine=syrian
taiwanese_restaurant;amenity=restaurant,cuisine=taiwanese
tapas_bar;amenity=restaurant,cuisine=tapas
tatar_restaurant;amenity=restaurant,cuisine=tatar
texmex_restaurant;amenity=restaurant,cuisine=tex-mex
thai_restaurant;amenity=restaurant,cuisine=thai
trinidadian_restaurant;amenity=restaurant,cuisine=trinidadian
turkish_restaurant;amenity=restaurant,cuisine=turkish
ukrainian_restaurant;amenity=restaurant,cuisine=ukrainian
uruguayan_restaurant;amenity=restaurant,cuisine=uruguayan
uzbek_restaurant;amenity=restaurant,cuisine=uzbek
venezuelan_restaurant;amenity=restaurant,cuisine=venezuelan
vietnamese_restaurant;amenity=restaurant,cuisine=vietnamese
waffle_restaurant;amenity=restaurant,cuisine=waffles  
wild_game_meats_restaurant;amenity=restaurant,cuisine=wild_game  
wrap_restaurant;amenity=restaurant,cuisine=wraps  
food_delivery_service;amenity=restaurant,delivery=yes,takeaway=no  
gluten_free_restaurant;amenity=restaurant,diet:gluten_free=only
halal_restaurant;amenity=restaurant,diet:halal=only
kosher_restaurant;amenity=restaurant,diet:kosher=only
live_and_raw_food_restaurant;amenity=restaurant,diet:raw=only
vegan_restaurant;amenity=restaurant,diet:vegan=only,diet:vegetarian=yes
vegetarian_restaurant;amenity=restaurant,diet:vegetarian=only,diet:vegan=yes
eatertainment;amenity=restaurant,entertainment=yes  
theme_restaurant;amenity=restaurant,theme=yes  
school;amenity=school
private_school;amenity=school,fee=yes  
adult_education;amenity=school,grade=third_level
preschool;amenity=school,isced:level=0
elementary_school;amenity=school,isced:level=1
middle_school;amenity=school,isced:level=2
high_school;amenity=school,isced:level=3
public_school;amenity=school,public=yes  
religious_school;amenity=school,religion=yes  
montessori_school;amenity=school,school:method=Montessori  
waldorf_school;amenity=school,school:method=Waldorf  
charter_school;amenity=school,school:typology=charter  
art_school;amenity=school,school=art
bartending_school;amenity=school,school=bartending
circus_school;amenity=school,school=circus
cooking_school;amenity=school,school=cooking
cosmetology_school;amenity=school,school=cosmetology
drama_school;amenity=school,school=drama
dui_school;amenity=school,school=driving  
sports_school;amenity=school,school=sports  
private_tutor;amenity=school,school=tuition  
test_preparation;amenity=school,school=tutoring  
specialty_school;amenity=school,specialty=yes  
shoe_shining_service;amenity=shoe_shine  
bingo_hall;amenity=social_club  
pool_hall;amenity=social_club,club=sports,sport=pool  
social_and_human_services;amenity=social_facility  
assisted_living_facility;amenity=social_facility,social_facility=assisted_living
memory_care;amenity=social_facility,social_facility=assisted_living,for=dementia  
counseling_and_mental_health;amenity=social_facility,social_facility=counselling  
family_service_center;amenity=social_facility,social_facility=family_centre  
food_banks;amenity=social_facility,social_facility=food_bank
halfway_house;amenity=social_facility,social_facility=group_home  
personal_care_service;amenity=social_facility,social_facility=outreach  
foster_care_services;amenity=social_facility,social_facility=outreach,social_facility:for=children  
senior_citizen_services;amenity=social_facility,social_facility=senior_centre  
homeless_shelter;amenity=social_facility,social_facility=shelter,social_facility:for=homeless
beauty_and_spa;amenity=spa
medical_spa;amenity=spa,healthcare=yes  
turkish_baths;amenity=spa,spa=hamam  
storage_facility;amenity=storage  
strip_club;amenity=stripclub
recording_and_rehearsal_studio;amenity=studio,studio=music  
radio_station;amenity=studio,studio=radio  
studio_taping;amenity=studio,studio=recording  
movie_television_studio;amenity=studio,studio=television  
taxi_service;amenity=taxi  
water_taxi;amenity=taxi,taxi=boat  
town_car_service;amenity=taxi,taxi=chauffeur  
limo_services;amenity=taxi,taxi=limousine  
pedicab_service;amenity=taxi,taxi=pedicab  
public_phones;amenity=telephone
theatre;amenity=theatre
theatres_and_performance_venues;amenity=theatre,amenity=concert_hall
circus;amenity=theatre,theatre:genre=circus
comedy_club;amenity=theatre,theatre:genre=comedy
dinner_theatre;amenity=theatre,theatre:genre=dinner  
music_venue;amenity=theatre,theatre:genre=music  
opera_and_ballet;amenity=theatre,theatre:genre=opera
ticket_sales;amenity=ticket_office  
railway_ticket_agent;amenity=ticket_office,transport=railway  
public_restrooms;amenity=toilets  
public_toilet;amenity=toilets,access=yes
town_hall;amenity=townhall
civil_examinations_academy;amenity=training,training=civil_service  
computer_coaching;amenity=training,training=computer  
cooking_classes;amenity=training,training=cooking  
ems_training;amenity=training,training=EMS  
firearm_training;amenity=training,training=firearms  
first_aid_class;amenity=training,training=first_aid  
food_safety_training;amenity=training,training=food_safety  
free_diving_instruction;amenity=training,training=freediving  
golf_instructor;amenity=training,training=golf  
kiteboarding_instruction;amenity=training,training=kitesurfing  
paddleboarding_lessons;amenity=training,training=paddleboarding  
parenting_classes;amenity=training,training=parenting  
photography_classes;amenity=training,training=photography  
scuba_diving_instruction;amenity=training,training=scuba_diving  
self_defense_classes;amenity=training,training=self_defense  
vocal_coach;amenity=training,training=singing  
ski_and_snowboard_school;amenity=training,training=skiing  
speech_training;amenity=training,training=speech  
sports_and_fitness_instruction;amenity=training,training=sports  
surfing_school;amenity=training,training=surfing  
swimming_instructor;amenity=training,training=swimming  
wine_tasting_classes;amenity=training,training=wine_tasting  
truck_stop;amenity=truck_stop  
law_schools;amenity=university,faculty=law  
medical_school;amenity=university,faculty=medicine  
pharmacy_schools;amenity=university,faculty=pharmacy  
veterinary_schools;amenity=university,faculty=veterinary  
college_university;amenity=university,isced:level=5
educational_research_institute;amenity=university,research=yes  
car_inspector;amenity=vehicle_inspection
rental_kiosks;amenity=vending_machine,vending=rentals  
veterinarian;amenity=veterinary
emergency_pet_hospital;amenity=veterinary,emergency=yes  
holistic_animal_care;amenity=veterinary,healthcare=alternative  
virtual_reality_center;amenity=video_arcade  
airport_lounge;amenity=waiting_room
hazardous_waste_disposal;amenity=waste_disposal,waste=hazardous  
carousel;attraction=carousel
toll_stations;barrier=toll_booth
national_park;boundary=protected_area
wildlife_sanctuary;boundary=protected_area,protect_class=4  
state_park;boundary=protected_area,protect_class=5  
apartments;
low_income_housing;building=apartments,social_housing=yes  
university_housing;building=dormitory  
skyscraper;building=skyscraper  
temple;building=temple,amenity=place_of_worship
campus_building;building=university  
warehouses;building=warehouse
landmark_and_historical_building;
nudist_clubs;club=nudism
atelier;craft=artist
musician;craft=artist,genre=music  
apiaries_and_beekeepers;craft=beekeeper
blacksmiths;craft=blacksmith  
boat_builder;craft=boatbuilder  
bookbinding;craft=bookbinder  
brewery;craft=brewery
cidery;craft=brewery,brewery=cidery  
bathroom_remodeling;craft=builder  
carpenter;craft=carpenter
refinishing_services;craft=carpenter,service=refinishing  
caterer;craft=caterer
chimney_service;craft=chimney_sweep  
chimney_sweep;craft=chimney_sweeper
distillery;craft=distillery
electrician;craft=electrician
electronics_repair_shop;craft=electronics_repair
washer_and_dryer_repair_service;craft=electronics_repair,electronics=appliance  
aircraft_repair;craft=engineer
engraving;craft=engraver  
laser_cutting_service_provider;craft=engraver,engraver=laser  
farrier_services;craft=farrier  
flooring_contractors;craft=floorer
gardener;craft=gardener
glass_blowing;craft=glassblower  
glass_and_mirror_sales_service;craft=glaziery  
goldsmith;craft=goldsmith  
gunsmith;craft=gunsmith  
handyman;craft=handyman  
insulation_installation;craft=insulation
jewelry_and_watches_manufacturer;craft=jeweller  
jewelry_repair_service;craft=jeweller,service=repair  
leather_products_manufacturer;craft=leather_worker  
farm_equipment_repair_service;craft=mechanic  
hydraulic_repair_service;craft=mechanic,mechanic=hydraulic  
lawn_mower_repair_service;craft=mechanic,mechanic=lawn_mower  
ironworkers;craft=metalworker  
metal_plating_service;craft=metalworker,metalwork=plating  
powder_coating_service;craft=metalworker,service=powder_coating  
musical_instrument_services;craft=musical_instrument_repair  
piano_services;craft=musical_instrument_repair,instrument=piano  
painting;craft=painter
photographer;craft=photographer
videographer;craft=photographer,photographer=video  
pet_photography;craft=photographer,subject=pets  
real_estate_photography;craft=photographer,subject=real_estate  
plasterer;craft=plasterer
plastic_injection_molding_workshop;craft=plastic_worker  
plumbing;craft=plumber
screen_printing_t_shirt_printing;craft=printer,printer=screen_printing  
roofing;craft=roofer
knife_sharpening;craft=sharpener  
sign_making;craft=signmaker  
vehicle_wrap;craft=signmaker,signmaker=vehicle_wrap  
stone_and_masonry;craft=stonemason
gents_tailor;craft=tailor  
henna_artist;craft=tattoo  
taxidermist;craft=taxidermist  
tiling;craft=tiler
turnery;craft=turner  
auto_upholstery;craft=upholsterer
watch_repair_service;craft=watchmaker  
welders;craft=welder
winery;craft=winery
home_service;craft=yes
geologic_formation;geological=outcrop  
driving_range;golf=driving_range
dermatologist;healthcare:speciality=dermatology
gastroenterologist;healthcare:speciality=gastroenterology
geneticist;healthcare:speciality=genetics
gerontologist;healthcare:speciality=gerontology
obstetrician_and_gynecologist;healthcare:speciality=gynaecology
halotherapy;healthcare:speciality=halotherapy
hepatologist;healthcare:speciality=hepatology
neurologist;healthcare:speciality=neurology
oncologist;healthcare:speciality=oncology
alternative_medicine;healthcare=alternative
hydrotherapy;healthcare=alternative,alternative=hydrotherapy  
hypnosis_hypnotherapy;healthcare=alternative,alternative=hypnotherapy  
massage_therapy;healthcare=alternative,alternative=massage_therapy  
naturopathic_holistic;healthcare=alternative,alternative=naturopathy  
osteopath;healthcare=alternative,alternative=osteopathy  
placenta_encapsulation_service;healthcare=alternative,alternative=placenta_encapsulation  
reflexology;healthcare=alternative,alternative=reflexology  
reiki;healthcare=alternative,alternative=reiki  
sophrologist;healthcare=alternative,alternative=sophrology  
tui_na;healthcare=alternative,alternative=tuina  
acupuncture;healthcare=alternative,healthcare:speciality=acupuncture
ayurveda;healthcare=alternative,healthcare:speciality=ayurveda
colonics;healthcare=alternative,healthcare:speciality=colon_hydrotherapy  
traditional_chinese_medicine;healthcare=alternative,healthcare:speciality=traditional_chinese_medicine
chiropractor;healthcare=alternative,healthcare:specialty=chiropractic
audiologist;healthcare=audiologist
blood_and_plasma_donation_center;healthcare=blood_donation  
cryotherapy;healthcare=clinic,clinic=cryotherapy  
iv_hydration;healthcare=clinic,clinic=IV_therapy  
endoscopist;healthcare=clinic,healthcare:speciality=endoscopy  
undersea_hyperbaric_medicine;healthcare=clinic,healthcare:speciality=hyperbaric  
lice_treatment;healthcare=clinic,healthcare:speciality=lice_treatment  
occupational_medicine;healthcare=clinic,healthcare:speciality=occupational_medicine  
prenatal_perinatal_care;healthcare=clinic,healthcare:speciality=prenatal_care  
preventive_medicine;healthcare=clinic,healthcare:speciality=preventive  
tropical_medicine;healthcare=clinic,healthcare:speciality=tropical_medicine  
marriage_or_relationship_counselor;healthcare=counselling  
stress_management_services;healthcare=counselling,counselling=stress  
suicide_prevention_services;healthcare=counselling,counselling=suicide_prevention  
abuse_and_addiction_treatment;healthcare=counselling,healthcare:counselling=addiction
childbirth_education;healthcare=counselling,healthcare:counselling=antenatal  
family_counselor;healthcare=counselling,healthcare:counselling=family
endodontist;healthcare=dentist,healthcare:speciality=endodontics  
oral_surgeon;healthcare=dentist,healthcare:speciality=oral_surgery  
orthodontist;healthcare=dentist,healthcare:speciality=orthodontics  
periodontist;healthcare=dentist,healthcare:speciality=periodontics  
prosthodontist;healthcare=dentist,healthcare:speciality=prosthodontics  
dietitian;healthcare=dietitian  
mohel;healthcare=doctor,healthcare:speciality=circumcision  
endocrinologist;healthcare=doctor,healthcare:speciality=endocrinology  
ear_nose_and_throat;healthcare=doctor,healthcare:speciality=ENT  
environmental_medicine;healthcare=doctor,healthcare:speciality=environmental_medicine  
geriatric_psychiatry;healthcare=doctor,healthcare:speciality=geriatric_psychiatry  
geriatric_medicine;healthcare=doctor,healthcare:speciality=geriatrics  
hematology;healthcare=doctor,healthcare:speciality=hematology  
homeopathic_medicine;healthcare=doctor,healthcare:speciality=homeopathy  
immunodermatologist;healthcare=doctor,healthcare:speciality=immunodermatology  
infectious_disease_specialist;healthcare=doctor,healthcare:speciality=infectious_disease  
internal_medicine;healthcare=doctor,healthcare:speciality=internal
hospitalist;healthcare=doctor,healthcare:speciality=internal_medicine  
nephrologist;healthcare=doctor,healthcare:speciality=nephrology  
neuropathologist;healthcare=doctor,healthcare:speciality=neuropathology  
neurotologist;healthcare=doctor,healthcare:speciality=neurotology  
ophthalmologist;healthcare=doctor,healthcare:speciality=ophthalmology  
orthopedist;healthcare=doctor,healthcare:speciality=orthopedics  
osteopathic_physician;healthcare=doctor,healthcare:speciality=osteopathy  
otologist;healthcare=doctor,healthcare:speciality=otology  
pathologist;healthcare=doctor,healthcare:speciality=pathology  
pediatric_anesthesiology;healthcare=doctor,healthcare:speciality=pediatric_anesthesiology  
pediatric_cardiology;healthcare=doctor,healthcare:speciality=pediatric_cardiology  
pediatric_endocrinology;healthcare=doctor,healthcare:speciality=pediatric_endocrinology  
pediatric_gastroenterology;healthcare=doctor,healthcare:speciality=pediatric_gastroenterology  
pediatric_infectious_disease;healthcare=doctor,healthcare:speciality=pediatric_infectious_disease  
pediatric_nephrology;healthcare=doctor,healthcare:speciality=pediatric_nephrology  
pediatric_neurology;healthcare=doctor,healthcare:speciality=pediatric_neurology  
pediatric_oncology;healthcare=doctor,healthcare:speciality=pediatric_oncology  
pediatric_orthopedic_surgery;healthcare=doctor,healthcare:speciality=pediatric_orthopedics  
pediatric_pulmonology;healthcare=doctor,healthcare:speciality=pediatric_pulmonology  
pediatric_radiology;healthcare=doctor,healthcare:speciality=pediatric_radiology  
pediatric_surgery;healthcare=doctor,healthcare:speciality=pediatric_surgery  
pediatrician;healthcare=doctor,healthcare:speciality=pediatrics  
phlebologist;healthcare=doctor,healthcare:speciality=phlebology  
plastic_surgeon;healthcare=doctor,healthcare:speciality=plastic_surgery  
foot_care;healthcare=doctor,healthcare:speciality=podiatry  
proctologist;healthcare=doctor,healthcare:speciality=proctology  
pulmonologist;healthcare=doctor,healthcare:speciality=pulmonology  
radiologist;healthcare=doctor,healthcare:speciality=radiology  
retina_specialist;healthcare=doctor,healthcare:speciality=retina  
rheumatologist;healthcare=doctor,healthcare:speciality=rheumatology  
sleep_specialist;healthcare=doctor,healthcare:speciality=sleep_medicine  
spine_surgeon;healthcare=doctor,healthcare:speciality=spine_surgery  
surgeon;healthcare=doctor,healthcare:speciality=surgery  
toxicologist;healthcare=doctor,healthcare:speciality=toxicology  
urologist;healthcare=doctor,healthcare:speciality=urology  
vascular_medicine;healthcare=doctor,healthcare:speciality=vascular_medicine  
hospice;healthcare=hospice
pet_hospice;healthcare=hospice,hospice=animal  
clinical_laboratories;healthcare=laboratory  
midwife;healthcare=midwife
optometrist;healthcare=optometrist
physical_therapy;healthcare=physiotherapist
podiatrist;healthcare=podiatrist
psychologist;healthcare=psychologist  
psychoanalyst;healthcare=psychologist,healthcare:speciality=psychoanalysis  
sports_psychologist;healthcare=psychologist,healthcare:speciality=sports_psychology  
psychotherapist;healthcare=psychotherapist
sex_therapist;healthcare=psychotherapist,healthcare:speciality=sex_therapy  
addiction_rehabilitation_center;healthcare=rehabilitation,healthcare:speciality=drug_addiction
alcohol_and_drug_treatment_center;healthcare=rehabilitation,healthcare:speciality=drug_addiction
alcohol_and_drug_treatment_centers;healthcare=rehabilitation,healthcare:speciality=drug_addiction
speech_therapist;healthcare=speech_therapist
occupational_therapy;healthcare=therapy,therapy=occupational  
psychomotor_therapist;healthcare=therapy,therapy=psychomotor  
health_and_medical;healthcare=yes
bicycle_path;highway=cycleway  
trail;highway=path
mountain_bike_trails;highway=path,bicycle=yes
hiking_trail;highway=path,sac_scale=hiking
shopping_passage;highway=pedestrian,covered=yes  
go_kart_track;highway=raceway,sport=karting
rest_areas;highway=services
castle;historic=castle
palace;historic=castle,castle_type=palace
fort;historic=fort
sculpture_statue;historic=memorial,memorial=statue
mills;historic=mill  
monument;historic=monument
ruin;historic=ruins
mining;industrial=mine
oil_refiners;industrial=refinery
junkyard;industrial=scrap_yard
fish_farm;landuse=aquaculture,produce=fish  
cemeteries;landuse=cemetery  
crops_production;landuse=farmland  
livestock_breeder;landuse=farmland,animal=cattle  
poultry_farm;landuse=farmland,animal=chicken  
pig_farm;landuse=farmland,animal=pig  
grain_production;landuse=farmland,crop=grain  
ranch;landuse=farmland,farm=ranch  
urban_farm;landuse=farmland,farmland=urban  
dairy_farm;landuse=farmland,produce=dairy  
pumpkin_patch;landuse=farmland,produce=pumpkin,seasonal=yes  
pick_your_own_farm;landuse=farmland,produce=various,pick_your_own=yes  
csa_farm;landuse=farmland,produce=vegetables  
chemical_plant;landuse=industrial,industrial=chemical  
orchard;landuse=orchard
quarries;landuse=quarry  
mobile_home_park;landuse=residential,residential=mobile_home_park  
ski_area;landuse=winter_sports  
arcade;leisure=amusement_arcade
beach_resort;leisure=beach_resort
bowling_alley;leisure=bowling_alley
climbing_class;leisure=climbing  
marching_band;leisure=club,club=music  
social_club;leisure=club,club=social  
sports_club_and_league;leisure=club,club=sport  
lawn_bowling_club;leisure=club,club=sport,sport=bowls  
esports_team;leisure=club,club=sport,sport=e-sports  
fishing_club;leisure=club,club=sport,sport=fishing  
golf_club;leisure=club,club=sport,sport=golf  
go_kart_club;leisure=club,club=sport,sport=karting  
kickboxing_club;leisure=club,club=sport,sport=kickboxing  
surf_lifesaving_club;leisure=club,club=sport,sport=lifesaving  
muay_thai_club;leisure=club,club=sport,sport=martial_arts  
paddle_tennis_club;leisure=club,club=sport,sport=padel  
rowing_club;leisure=club,club=sport,sport=rowing  
sailing_club;leisure=club,club=sport,sport=sailing  
school_sports_team;leisure=club,club=sport,sport=school  
football_club;leisure=club,club=sport,sport=soccer  
dance_school;leisure=dance,dance:teaching=yes
disc_golf_course;leisure=disc_golf_course
dog_park;leisure=dog_park
escape_rooms;leisure=escape_game
gym;leisure=fitness_centre
boxing_gym;leisure=fitness_centre,sport=boxing
cheerleading;leisure=fitness_centre,sport=cheerleading  
cycling_classes;leisure=fitness_centre,sport=cycling  
barre_classes;leisure=fitness_centre,sport=fitness  
pilates_studio;leisure=fitness_centre,sport=pilates  
qi_gong_studio;leisure=fitness_centre,sport=qi_gong  
rock_climbing_gym;leisure=fitness_centre,sport=rock_climbing,indoor=yes
tai_chi_studio;leisure=fitness_centre,sport=tai_chi  
yoga_studio;leisure=fitness_centre,sport=yoga
botanical_garden;leisure=garden,garden:type=botanical
community_gardens;leisure=garden,garden:type=community  
golf_course;leisure=golf_course
indoor_golf_center;leisure=golf_course,golf:course=driving_range,indoor=yes
horse_riding;leisure=horse_riding
ice_skating_rink;leisure=ice_rink  
laser_tag;leisure=laser_tag  
marina;leisure=marina
miniature_golf_course;leisure=miniature_golf
nature_reserve;leisure=nature_reserve
park;leisure=park
memorial_park;leisure=park,park:type=memorial  
atv_recreation_park;leisure=park,sport=atv
mountain_bike_parks;leisure=park,sport=mountain_biking  
airsoft_fields;leisure=pitch,sport=airsoft
american_football_field;leisure=pitch,sport=american_football
archery_range;leisure=pitch,sport=archery
badminton_court;leisure=pitch,sport=badminton
baseball_field;leisure=pitch,sport=baseball
basketball_court;leisure=pitch,sport=basketball
beach_volleyball_court;leisure=pitch,sport=beachvolleyball
bobsledding_field;leisure=pitch,sport=bobsled  
bocce_ball_court;leisure=pitch,sport=boules
cricket_ground;leisure=pitch,sport=cricket
hockey_field;leisure=pitch,sport=field_hockey
futsal_field;leisure=pitch,sport=futsal
handball_court;leisure=pitch,sport=handball
paintball;leisure=pitch,sport=paintball
racquetball_court;leisure=pitch,sport=racquetball
rugby_pitch;leisure=pitch,sport=rugby
soccer_field;leisure=pitch,sport=soccer
squash_court;leisure=pitch,sport=squash
tennis_court;leisure=pitch,sport=tennis
volleyball_court;leisure=pitch,sport=volleyball
playground;leisure=playground
indoor_playcenter;leisure=playground,indoor=yes  
resort;leisure=resort
sauna;leisure=sauna
skate_park;leisure=skate_park  
adventure_sports_center;leisure=sports_centre
axe_throwing;leisure=sports_centre,sport=axe_throwing
batting_cage;leisure=sports_centre,sport=baseball  
pool_billiards;leisure=sports_centre,sport=billiards
rafting_kayaking_area;leisure=sports_centre,sport=canoe  
fencing_club;leisure=sports_centre,sport=fencing
flyboarding_center;leisure=sports_centre,sport=flyboarding  
flyboarding_rental;leisure=sports_centre,sport=flyboarding,rental=yes  
gymnastics_center;leisure=sports_centre,sport=gymnastics  
hang_gliding_center;leisure=sports_centre,sport=hang_gliding  
wildlife_hunting_range;leisure=sports_centre,sport=hunting  
karate_club;leisure=sports_centre,sport=karate
kiteboarding;leisure=sports_centre,sport=kitesurfing  
paddleboarding_center;leisure=sports_centre,sport=paddleboarding  
roller_skating_rink;leisure=sports_centre,sport=roller_skating  
sailing_area;leisure=sports_centre,sport=sailing  
shooting_range;leisure=sports_centre,sport=shooting  
snowboarding_center;leisure=sports_centre,sport=snowboard  
soccer_club;leisure=sports_centre,sport=soccer
surfing;leisure=sports_centre,sport=surfing  
table_tennis_club;leisure=sports_centre,sport=table_tennis
taekwondo_club;leisure=sports_centre,sport=taekwondo
volleyball_club;leisure=sports_centre,sport=volleyball
windsurfing_center;leisure=sports_centre,sport=windsurfing  
ziplining_center;leisure=sports_centre,sport=zip_line  
zorbing_center;leisure=sports_centre,sport=zorbing
rock_climbing_instructor;leisure=sports_hall,sport=climbing
stadium_arena;leisure=stadium
baseball_stadium;leisure=stadium,sport=baseball  
basketball_stadium;leisure=stadium,sport=basketball  
hockey_arena;leisure=stadium,sport=hockey
horse_racing_track;leisure=stadium,sport=horse_racing  
rodeo;leisure=stadium,sport=rode o  
rugby_stadium;leisure=stadium,sport=rugby
football_stadium;leisure=stadium,sport=soccer  
tennis_stadium;leisure=stadium,sport=tennis  
track_stadium;leisure=stadium,sport=track
swimming_pool;leisure=swimming_pool
race_track;leisure=track,sport=motor  
trampoline_park;leisure=trampoline_park
water_park;leisure=water_park
bridge;man_made=bridge
lighthouse;man_made=lighthouse
weather_station;man_made=monitoring_station,monitoring:weather=yes
observatory;man_made=observatory
pier;man_made=pier
quay;man_made=quay
grain_elevators;man_made=silo  
tower;man_made=tower
tower_communication_service;man_made=tower,tower:type=communication
agricultural_production;man_made=works,product=agricultural
aircraft_manufacturer;man_made=works,product=aircraft
cosmetic_products_manufacturer;man_made=works,product=cosmetics  
cotton_mill;man_made=works,product=cotton  
flour_mill;man_made=works,product=flour  
glass_manufacturer;man_made=works,product=glass  
appliance_manufacturer;man_made=works,product=household_appliances
lighting_fixture_manufacturers;man_made=works,product=lighting  
saw_mill;man_made=works,product=lumber  
mattress_manufacturing;man_made=works,product=mattress  
motorcycle_manufacturer;man_made=works,product=motorcycle  
paper_mill;man_made=works,product=paper  
plastic_manufacturer;man_made=works,product=plastic  
plastic_fabrication_company;man_made=works,product=plastic_parts  
wood_and_pulp;man_made=works,product=pulp  
rice_mill;man_made=works,product=rice  
shoe_factory;man_made=works,product=shoes  
iron_and_steel_industry;man_made=works,product=steel  
textile_mill;man_made=works,product=textile  
rock_climbing_spot;natural=bare_rock,sport=climbing  
beach;natural=beach
cave;natural=cave_entrance
desert;natural=desert
sand_dune;natural=dune  
hot_springs;natural=hot_spring  
mountain;natural=peak
canyon;natural=valley
crater;natural=volcano  
lake;natural=water,water=lake
forest;natural=wood
accountant;office=accountant
personal_assistant;office=administrative  
transcription_services;office=administrative,service=transcription  
adoption_services;office=adoption_agency
marketing_agency;office=advertising  
advertising_agency;office=advertising_agency
internet_marketing_service;office=advertising,advertising=online  
public_relations;office=advertising,advertising=PR  
radio_and_television_commercials;office=advertising,advertising=production  
promotional_products_and_services;office=advertising,advertising=promotional_products  
social_media_agency;office=advertising,advertising=social_media  
architect;office=architect
landscape_architect;office=architect,architect=landscape  
agriculture_association;office=association
film_festivals_and_organizations;office=association,association=film_festival  
homeowner_association;office=association,association=homeowners  
housing_cooperative;office=association,association=housing_cooperative  
music_festivals_and_organizations;office=association,association=music_festival  
musical_band_orchestras_and_symphonies;office=association,association=orchestra  
political_organization;office=association,association=political  
school_sports_league;office=association,association=school_sports  
professional_sports_league;office=association,association=sports_league  
domestic_business_and_trade_organizations;office=association,association=trade  
veterans_organization;office=association,association=veterans  
bail_bonds_service;office=bail_bond_agent
personal_chef;office=catering  
charity_organization;office=charity
home_cleaning;office=cleaning  
industrial_cleaning_services;office=cleaning,cleaning=industrial  
pet_waste_removal;office=cleaning,cleaning=pet_waste  
window_washing;office=cleaning,cleaning=windows  
business;office=company  
home_developer;office=company,company=developer  
oil_and_gas;office=company,industry=oil_gas  
pharmaceutical_companies;office=company,industry=pharmaceutical  
pipeline_transportation;office=company,industry=pipeline  
plastic_company;office=company,industry=plastic  
tobacco_company;office=company,industry=tobacco  
digitizing_services;office=company,service=digitization  
fishing_charter;office=company,service=fishing_charter  
holiday_decorating;office=company,service=holiday_decorating  
home_health_care;office=company,service=home_health_care  
house_sitting;office=company,service=house_sitting  
inspection_services;office=company,service=inspection  
livestock_dealers;office=company,service=livestock_trading  
media_restoration_service;office=company,service=media_restoration  
packaging_contractors_and_service;office=company,service=packaging  
pet_breeder;office=company,service=pet_breeding  
restaurant_management;office=company,service=restaurant_management  
roadside_assistance;office=company,service=roadside_assistance  
shredding_services;office=company,service=shredding  
officiating_services;office=company,service=wedding_officiant  
builders;office=construction  
business_consulting;office=consulting  
automotive_consultant;office=consulting,consulting=automotive
elder_care_planning;office=consulting,consulting=elder_care  
electrical_consultant;office=consulting,consulting=electrical  
home_energy_auditor;office=consulting,consulting=energy_audit  
energy_management_and_conservation_consultants;office=consulting,consulting=energy_management  
environmental_and_ecological_services_for_businesses;office=consulting,consulting=environmental  
personal_shopper;office=consulting,consulting=fashion  
feng_shui;office=consulting,consulting=feng_shui  
food_and_beverage_consultant;office=consulting,consulting=food_service  
forestry_consultants;office=consulting,consulting=forestry  
geological_services;office=consulting,consulting=geological  
health_consultant;office=consulting,consulting=health  
immigration_assistance_services;office=consulting,consulting=immigration  
international_business_and_trade_services;office=consulting,consulting=international_trade  
lactation_services;office=consulting,consulting=lactation  
life_coach;office=consulting,consulting=life_coaching  
manufacturing_and_industrial_consultant;office=consulting,consulting=manufacturing  
matchmaker;office=consulting,consulting=matchmaking  
occupational_safety;office=consulting,consulting=occupational_safety  
home_organization;office=consulting,consulting=organization  
sommelier_service;office=consulting,consulting=wine  
writing_service;office=consulting,consulting=writing  
contractor;office=contractor  
tree_services;office=contractor,contractor=arborist  
crane_services;office=contractor,contractor=crane  
damage_restoration;office=contractor,contractor=damage_restoration  
fire_and_water_damage_restoration;office=contractor,contractor=damage_restoration  
deck_and_railing_sales_service;office=contractor,contractor=decking  
demolition_service;office=contractor,contractor=demolition  
door_sales_service;office=contractor,contractor=doors  
drywall_services;office=contractor,contractor=drywall  
generator_installation_repair;office=contractor,contractor=electrical  
elevator_service;office=contractor,contractor=elevator  
excavation_service;office=contractor,contractor=excavation  
fence_and_gate_sales_service;office=contractor,contractor=fencing  
foundation_repair;office=contractor,contractor=foundation_repair  
garage_door_service;office=contractor,contractor=garage_doors  
hvac_services;office=contractor,contractor=HVAC  
irrigation;office=contractor,contractor=irrigation  
countertop_installation;office=contractor,contractor=kitchen  
kitchen_remodeling;office=contractor,contractor=kitchen_remodeling  
masonry_contractors;office=contractor,contractor=masonry  
misting_system_services;office=contractor,contractor=mist_systems  
patio_covers;office=contractor,contractor=patio_covers  
paving_contractor;office=contractor,contractor=paving  
pest_control_service;office=contractor,contractor=pest_control  
water_heater_installation_repair;office=contractor,contractor=plumbing  
pool_and_hot_tub_services;office=contractor,contractor=pool_service  
pressure_washing;office=contractor,contractor=pressure_washing  
road_contractor;office=contractor,contractor=road  
gutter_service;office=contractor,contractor=roofing  
sandblasting_service;office=contractor,contractor=sandblasting  
septic_services;office=contractor,contractor=septic  
siding;office=contractor,contractor=siding  
skylight_installation;office=contractor,contractor=skylight  
snow_removal_service;office=contractor,contractor=snow_removal  
solar_installation;office=contractor,contractor=solar  
solar_panel_cleaning;office=contractor,contractor=solar_cleaning  
stucco_services;office=contractor,contractor=stucco  
tv_mounting;office=contractor,contractor=tv_installation  
wallpaper_installers;office=contractor,contractor=wallpaper  
waterproofing;office=contractor,contractor=waterproofing  
well_drilling;office=contractor,contractor=well_drilling  
wildlife_control;office=contractor,contractor=wildlife_removal  
home_window_tinting;office=contractor,contractor=window_tinting  
windows_installation;office=contractor,contractor=windows  
agricultural_cooperatives;office=cooperative,cooperative=agricultural
water_delivery;office=delivery,delivery=water  
animation_studio;office=design
graphic_designer;office=design,design=graphics  
home_staging;
interior_design;office=design,design=interior  
embassy;office=diplomatic,diplomatic=embassy
educational_services;office=education  
energy_company;office=energy_supplier  
electric_utility_provider;
electricity_supplier;office=energy_supplier,energy=electricity  
natural_gas_supplier;office=energy_supplier,energy=gas  
wind_energy;office=energy_supplier,energy=wind  
engineering_services;office=engineering  
agricultural_engineering_service;office=engineering,engineering=agricultural
civil_engineers;office=engineering,engineering=civil  
structural_engineer;office=engineering,engineering=structural  
dj_service;office=entertainment,entertainment=dj  
magician;office=entertainment,entertainment=magician  
party_character;office=entertainment,entertainment=party_character  
scavenger_hunts_provider;office=entertainment,entertainment=scavenger_hunt  
talent_agency;office=entertainment,entertainment=talent_agency  
team_building_activity;office=entertainment,entertainment=team_building  
theatrical_productions;office=entertainment,entertainment=theatre_production  
trivia_host;office=entertainment,entertainment=trivia  
environmental_abatement_services;office=environmental  
real_estate;office=estate_agent
event_planning;office=event_management  
wedding_planning;office=event_management,event_management=wedding  
financial_service;office=financial
business_brokers;office=financial_advisor
stock_and_bond_brokers;office=financial,financial=broker  
debt_relief_services;office=financial,financial=debt_advice  
real_estate_investment;office=financial,financial=real_estate  
logging_services;office=forestry  
logging_contractor;office=forestry,service=logging  
government_services;office=government
school_district_offices;office=government,government=education  
forestry_service;office=government,government=forestry  
health_department;office=government,government=health  
housing_authorities;office=government,government=housing  
immigration_and_naturalization;office=government,government=immigration  
weather_forecast_services;office=government,government=meteorological  
registry_office;office=government,government=registration  
office_of_vital_records;office=government,government=registry  
national_security_services;office=government,government=security  
social_security_services;office=government,government=social_security  
child_protection_service;
department_of_social_service;office=government,government=social_services  
tax_office;office=government,government=tax  
department_of_motor_vehicles;office=government,government=transportation  
road_structures_and_services;
unemployment_office;office=government,government=unemployment  
doula;office=healthcare,healthcare=speciality=doula  
wellness_program;office=healthcare,healthcare=wellness  
human_resource_services;office=hr  
exporters;office=import_export  
food_and_beverage_exporter;office=import_export,product=food  
industrial_company;office=industrial  
insurance_agency;office=insurance
public_adjuster;office=insurance,insurance=adjuster  
auto_insurance;office=insurance,insurance=car
farm_insurance;office=insurance,insurance=farm
home_and_rental_insurance;office=insurance,insurance=home
life_insurance;office=insurance,insurance=life
information_technology_company;office=it
social_media_company;office=it,it=social_media  
data_recovery;office=it,service=data_recovery  
home_automation;office=it,service=home_automation  
home_network_installation;office=it,service=network_installation  
medical_research_and_development;office=laboratory,research=medical  
lawn_service;office=landscaping  
indoor_landscaping;office=landscaping,indoor=yes  
lawyer;office=lawyer
appellate_practice_lawyers;office=lawyer,lawyer=appellate
bankruptcy_law;office=lawyer,lawyer=bankruptcy
business_law;office=lawyer,lawyer=business
civil_rights_lawyers;office=lawyer,lawyer=civil_rights  
contract_law;office=lawyer,lawyer=contract
criminal_defense_law;office=lawyer,lawyer=criminal_defense
disability_law;office=lawyer,lawyer=disability
divorce_and_family_law;office=lawyer,lawyer=divorce_and_family
dui_law;office=lawyer,lawyer=dui
employment_law;office=lawyer,lawyer=employment
entertainment_law;office=lawyer,lawyer=entertainment
estate_planning_law;office=lawyer,lawyer=estate_planning
immigration_law;office=lawyer,lawyer=immigration
ip_and_internet_law;office=lawyer,lawyer=ip_and_internet
medical_law;office=lawyer,lawyer=medical
notary_public;office=lawyer,lawyer=notary
patent_law;office=lawyer,lawyer=patent
personal_injury_law;office=lawyer,lawyer=personal_injury
real_estate_law;office=lawyer,lawyer=real_estate
social_security_law;office=lawyer,lawyer=social_security
tenant_and_eviction_law;office=lawyer,lawyer=tenant_and_eviction
traffic_ticketing_law;office=lawyer,lawyer=traffic_ticketing
workers_compensation_law;office=lawyer,lawyer=workers_compensation
wills_trusts_and_probate;office=lawyer,legal=estate  
mediator;office=lawyer,legal=mediation  
tax_law;office=lawyer,legal=tax  
court_reporter;office=legal,legal=courtreport  
paralegal_services;office=legal,legal=paralegal  
process_servers;office=legal,legal=process_server  
distribution_services;office=logistics
railroad_freight;office=logistics,logistics=rail  
motor_freight_trucking;office=logistics,logistics=trucking  
food_beverage_service_distribution;office=logistics,service=food_distribution  
inventory_control_service;office=logistics,service=inventory_management  
packing_services;office=logistics,service=packing  
vehicle_shipping;office=logistics,service=vehicle_transport  
mooring_service;office=marine,service=mooring  
merchandising_service;office=marketing  
broadcasting_media_production;office=media
movers;office=moving_company  
record_label;office=music,music=record_label  
media_news_company;office=news  
media_news_website;office=news,service=online  
non_governmental_association;office=ngo
disability_services_and_support_organization;office=ngo,ngo=disability_support  
environmental_conservation_and_ecological_organizations;office=ngo,ngo=environmental  
medical_service_organizations;office=ngo,ngo=health  
social_service_organizations;office=ngo,ngo=social_services  
volunteer_association;office=ngo,ngo=volunteer  
snuggle_service;office=personal_services,service=companionship  
dog_walkers;office=pet,service=dog_walking  
political_party_office;office=political_party  
property_management;office=property_management
print_media;office=publisher  
genealogists;office=research,research_field=genealogy  
security_services;office=security  
metal_detector_services;office=security,security=metal_detection  
private_investigation;office=security,security=private_investigator  
software_development;office=software
music_production;office=studio,studio=music  
video_film_production;office=studio,studio=video  
land_surveying;office=surveyor  
home_inspector;office=surveyor,surveyor=building  
tax_services;office=tax_advisor
telecommunications_company;office=telecommunication
internet_service_provider;office=telecommunication,service=internet  
television_service_providers;office=telecommunication,service=tv  
telemarketing_services;office=telecommunication,telecommunication=call_center  
aromatherapy;office=therapist
translating_and_interpreting_services;office=translation  
public_transportation;
transportation;office=transportation  
private_jet_charters;office=transportation,transport=air_charter  
ferry_boat_company;office=transportation,transport=ferry  
pet_transportation;office=transportation,transport=pet  
ride_sharing;office=transportation,transport=ride_sharing  
emergency_roadside_service;office=transportation,transport=roadside_assistance  
travel;office=travel_agent  
passport_and_visa_services;office=travel_agent,service=visa  
visa_agent;office=travel_agent,service=visa  
sightseeing_tour_agency;office=travel_agent,travel_agent=tour  
scooter_tours;office=travel_agent,travel_agent=tour,specialty=scooter  
wine_tours;office=travel_agent,travel_agent=tour,specialty=wine  
vacation_rental_agents;office=travel_agent,travel_agent=vacation_rental  
labor_union;office=union  
utility_service;office=utility  
water_supplier;office=utility,utility=water  
water_purification_services;office=utility,utility=water_treatment  
water_treatment_equipment_and_services;office=utility,utility=water_treatment  
garbage_collection_service;office=waste_management  
junk_removal_and_hauling;office=waste_management,service=junk_removal  
business_to_business;office=yes
island;place=island
plaza;place=square
structure_and_geography;place=yes
power_plants_and_power_plant_service;power=plant
transport_interchange;public_transport=yes  
train_station;railway=station,public_transport=station
metro_station;railway=station,station=subway  
bike_repair_maintenance;service:bicycle:repair=yes
3d_printing_service;shop=3d_printing
farm_equipment_and_supply;shop=agrarian  
lime_professionals;shop=agrarian,product=lime  
aircraft_dealer;shop=aircraft
beer_wine_and_spirits;shop=alcohol
antique_store;shop=antiques
appliance_store;shop=appliance
art_supply_store;shop=art
auction_house;shop=auction_house
car_auction;shop=auction_house,auction=car  
baby_gear_and_furniture;shop=baby_goods  
bags_luggage_company;shop=bag  
bakery;shop=bakery
chimney_cake_shop;shop=bakery,product=chimney_cake  
pretzels;shop=bakery,product=pretzels  
beauty_salon;shop=beauty
hair_extensions;shop=beauty,beauty=hair_extensions  
hair_removal;shop=beauty,beauty=hair_removal  
laser_hair_removal;shop=beauty,beauty=laser_hair_removal  
makeup_artist;shop=beauty,beauty=makeup  
nail_salon;shop=beauty,beauty=nails  
permanent_makeup;shop=beauty,beauty=permanent_makeup  
skin_care;shop=beauty,beauty=skincare  
sugaring;shop=beauty,beauty=sugaring  
hair_supply_stores;shop=beauty,beauty=supplies  
spray_tanning;shop=beauty,beauty=tan  
tanning_salon;shop=beauty,beauty=tanning  
tattoo_removal;shop=beauty,beauty=tattoo_removal  
threading_service;shop=beauty,beauty=threading  
waxing;shop=beauty,beauty=waxing  
wig_store;shop=beauty,beauty=wigs  
mattress_store;shop=bed
beverage_store;shop=beverages  
bicycle_shop;shop=bicycle
boat_dealer;shop=boat  
bookmakers;shop=bookmaker
bookstore;shop=books
comic_books_store;shop=books,books=comic
used_bookstore;shop=books,second_hand=only
brewing_supply_store;shop=brewing_supplies  
butcher_shop;shop=butcher
candle_store;shop=candles
cannabis_collective;shop=cannabis  
automotive_dealer;shop=car
auto_parts_and_supply_store;shop=car_parts
automotive_repair;shop=car_repair
auto_body_shop;shop=car_repair,car_repair=bodywork
auto_customization;shop=car_repair,car_repair=customization
auto_detailing;shop=car_repair,car_repair=detailing
auto_electrical_repair;shop=car_repair,car_repair=electrical
auto_glass_service;shop=car_repair,car_repair=glass
auto_restoration_services;shop=car_repair,car_repair=restoration
auto_security;shop=car_repair,car_repair=security
car_window_tinting;shop=car_repair,car_repair=tinting
golf_cart_dealer;shop=car,car=golf_cart  
motorsport_vehicle_dealer;shop=car,car=sports  
truck_dealer;shop=car,car=truck  
used_car_dealer;shop=car,second_hand=only
mobile_home_dealer;shop=caravan  
recreational_vehicle_parts_and_accessories;shop=caravan,caravan=parts  
carpet_store;shop=carpet
cheese_shop;shop=cheese
drugstore;shop=chemist
chocolatier;shop=chocolate
clothing_store;shop=clothes
clothing_rental;shop=clothes,clothes:rental=yes  
ceremonial_clothing;shop=clothes,clothes=ceremonial  
children's_clothing_store;shop=clothes,clothes=children
denim_wear_store;shop=clothes,clothes=denim
designer_clothing;shop=clothes,clothes=fashion
fashion;shop=clothes,clothes=fashion
formal_wear_store;shop=clothes,clothes=formal  
fur_clothing;shop=clothes,clothes=fur
hat_shop;shop=clothes,clothes=hats
stocking;shop=clothes,clothes=hosiery  
maternity_wear;shop=clothes,clothes=maternity  
men's_clothing_store;shop=clothes,clothes=men
motorcycle_gear;shop=clothes,clothes=motorcycle  
plus_size_clothing;shop=clothes,clothes=plus_size  
saree_shop;shop=clothes,clothes=sari  
sleepwear;shop=clothes,clothes=sleepwear
swimwear_store;shop=clothes,clothes=swimwear
t_shirt_store;shop=clothes,clothes=t-shirts  
traditional_clothing;shop=clothes,clothes=traditional
lingerie_store;shop=clothes,clothes=underwear
bridal_shop;shop=clothes,clothes=wedding  
women's_clothing_store;shop=clothes,clothes=women
uniform_store;shop=clothes,clothes=workwear  
coffee_and_tea_supplies;shop=coffee  
coin_dealers;shop=collector  
gemstone_and_mineral;shop=collector,collector=minerals  
caricature;shop=comics
computer_store;shop=computer
it_service_and_computer_repair;shop=computer,service=repair  
candy_store;shop=confectionery
indian_sweets_shop;shop=confectionery,confectionery=indian  
japanese_confectionery_shop;shop=confectionery,confectionery=japanese  
popcorn_shop;shop=confectionery,confectionery=popcorn  
convenience_store;shop=convenience
frozen_foods;shop=convenience,product=frozen_food  
rice_shop;shop=convenience,product=rice  
specialty_foods;shop=convenience,specialty=yes  
printing_services;shop=copyshop  
costume_store;shop=costume
craft_shop;shop=craft
knitting_supply;shop=craft,craft=knitting  
shades_and_blinds;shop=curtain  
dairy_stores;shop=dairy
delicatessen;shop=deli
department_store;shop=department_store
outlet_store;shop=department_store,department_store=outlet  
discount_store;shop=discount
do_it_yourself_store;shop=doityourself
woodworking_supply_store;shop=doityourself,product=woodworking  
bathtub_and_sink_repairs;shop=dry_cleaning,dry_cleaning:carpet=yes  
carpet_cleaning;shop=dry_cleaning,dry_cleaning:carpet=yes  
carpet_dyeing;shop=dry_cleaning,dry_cleaning:carpet=yes  
duty_free_shop;shop=duty_free  
e_cigarette_store;shop=e-cigarette  
electrical_supply_store;shop=electrical  
electronics;shop=electronics
electronic_parts_supplier;shop=electronics,product=components  
home_theatre_systems_stores;shop=electronics,product=home_theater  
appliance_repair_service;shop=electronics,service:repair=yes
adult_store;shop=erotic
spiritual_shop;shop=esoteric  
fabric_store;shop=fabric
farm;shop=farm
herb_and_spice_shop;shop=farm,produce=herb
honey_farm_shop;shop=farm,produce=honey
olive_oil;shop=farm,produce=olive_oil
fashion_accessories_store;shop=fashion_accessories
fireplace_service;shop=fireplace  
firework_retailer;shop=fireworks  
flooring_store;shop=flooring
florist;shop=florist
flowers_and_gifts_shop;shop=flowers
pasta_shop;shop=food,product=pasta  
framing_store;shop=frame
firewood;shop=fuel  
propane_supplier;shop=fuel,fuel=propane  
furniture_store;shop=furniture
outdoor_furniture_store;shop=furniture,furniture=outdoor  
display_home_center;shop=furniture,product=showroom  
tabletop_games;shop=games  
greenhouses;shop=garden_centre  
hydroponic_gardening;shop=garden_centre,garden_centre=hydroponics  
lawn_mower_store;shop=garden_centre,product=lawn_mowers  
online_shop;shop=general,delivery=only  
pop_up_shop;shop=general,temporary=yes  
gift_shop;shop=gift
greengrocer;shop=greengrocer  
grocery_store;shop=grocery
barber;shop=hairdresser
kids_hair_salon;shop=hairdresser,children=yes  
hardware_store;shop=hardware
welding_supply_store;shop=hardware,product=welding_supplies  
health_market;shop=health_food  
vitamins_and_supplements;shop=health_food,health_food=supplements  
hearing_aids;shop=hearing_aids
herbal_shop;shop=herbalist
hobby_shop;shop=hobby  
home_decor;shop=houseware
linen;shop=houseware,houseware=linens  
grilling_equipment;shop=houseware,product=grill  
tableware_supplier;shop=houseware,product=tableware  
ice_supplier;shop=ice  
wallpaper_store;shop=interior_decoration  
holiday_decor;shop=interior_decoration,product=holiday_decor  
jewelry_store;shop=jewelry
kiosk;shop=kiosk
kitchen_and_bath;shop=kitchen  
laundry_services;shop=laundry
dry_cleaning;shop=laundry,dry_cleaning=yes
leather_goods;shop=leather
lighting_store;shop=lighting
key_and_locksmith;shop=locksmith
safe_store;shop=locksmith,product=safes  
luggage_store;shop=luggage  
shopping_center;shop=mall
massage;shop=massage
medical_supply;shop=medical_supply
dental_supply_store;shop=medical_supply,medical_supply=dental  
hearing_aid_provider;shop=medical_supply,medical_supply=hearing_aids  
laboratory_equipment_supplier;shop=medical_supply,medical_supply=laboratory  
mobility_equipment_services;shop=medical_supply,medical_supply=mobility  
orthotics;shop=medical_supply,medical_supply=orthotics  
prosthetics;shop=medical_supply,medical_supply=prosthetics  
surgical_appliances_and_supplies;shop=medical_supply,medical_supply=surgical  
military_surplus_store;shop=military_surplus  
mobile_phone_store;shop=mobile_phone
mobile_phone_accessories;shop=mobile_phone,mobile_phone=accessories  
mobile_phone_repair;shop=mobile_phone,service=repair  
drone_store;shop=model  
check_cashing_payday_loans;shop=money_lender  
motorcycle_dealer;shop=motorcycle
motorcycle_repair;shop=motorcycle_repair
scooter_dealers;shop=motorcycle,motorcycle=scooter  
music_and_dvd_store;shop=music  
vinyl_record_store;shop=music,music=vinyl  
musical_instrument_store;shop=musical_instrument  
guitar_store;shop=musical_instrument,instrument=guitar  
piano_store;shop=musical_instrument,instrument=piano  
newspaper_and_magazines_store;shop=newsagent  
lottery_ticket;shop=newsagent,lottery=yes  
office_equipment;shop=office_supplies  
packing_supply;shop=office_supplies,product=packaging  
printing_equipment_and_supply;shop=office_supplies,product=printers  
eyewear_and_optician;shop=optician
sunglasses_store;shop=optician,product=sunglasses  
paint_store;shop=paint
party_supply;shop=party
patisserie_cake_shop;shop=pastry
pawn_shop;shop=pawnbroker
perfume_store;shop=perfumery  
pet_store;shop=pet
pet_groomer;shop=pet_grooming
reptile_shop;shop=pet,pet=reptile  
photography_store_and_services;shop=photo  
piercing;shop=piercing  
psychic;shop=psychic
antenna_service;shop=radiotechnics
religious_items;shop=religion  
rental_service;shop=rental
furniture_rental_service;shop=rental,rental=furniture  
golf_cart_rental;shop=rental,rental=golf_cart  
houseboat;shop=rental,rental=houseboat  
jet_skis_rental;shop=rental,rental=jet_ski  
karaoke_rental;shop=rental,rental=karaoke  
machine_and_tool_rentals;shop=rental,rental=machines
motorcycle_rentals;shop=rental,rental=motorcycle
paddleboard_rental;shop=rental,rental=paddleboard  
party_bike_rental;shop=rental,rental=party_bike  
party_bus_rental;shop=rental,rental=party_bus  
party_equipment_rental;shop=rental,rental=party_equipment  
photo_booth_rental;shop=rental,rental=photo_booth  
props;shop=rental,rental=props  
rv_rentals;shop=rental,rental=rv
scooter_rental;shop=rental,rental=scooter  
silent_disco;shop=rental,rental=silent_disco_equipment  
sledding_rental;shop=rental,rental=sled  
snorkeling_equipment_rental;shop=rental,rental=snorkeling_equipment  
sport_equipment_rentals;shop=rental,rental=sports_equipment  
surfboard_rental;shop=rental,rental=surfboard  
tent_house_supplier;shop=rental,rental=tents  
trailer_rentals;shop=rental,rental=trailer
truck_rentals;shop=rental,rental=truck
game_truck_rental;shop=rental,rental=video_games  
scrap_metals;shop=scrap  
seafood_market;shop=seafood  
thrift_store;shop=second_hand
security_systems;shop=security  
embroidery_and_crochet;shop=sewing
shoe_repair;shop=shoe_repair
shoe_store;shop=shoes
orthopedic_shoe_store;shop=shoes,shoes=orthopaedic
energy_equipment_and_solution;shop=solar  
souvenir_shop;shop=souvenir  
sports_wear;shop=sports
archery_shop;shop=sports,sport=archery
dance_wear;shop=sports,sport=dance
horse_equipment_shop;shop=sports,sport=equestrian  
golf_equipment;shop=sports,sport=golf
hockey_equipment;shop=sports,sport=hockey
hunting_and_fishing_supplies;shop=sports,sport=hunting
motorsports_store;shop=sports,sport=motorsport  
pool_and_billiards;shop=sports,sport=pool  
dive_shop;shop=sports,sport=scuba_diving
skate_shop;shop=sports,sport=skateboard
ski_and_snowboard_shop;shop=sports,sport=skiing
surf_shop;shop=sports,sport=surfing
outdoor_gear;shop=sports,sports_equipment=outdoor  
business_office_supplies_and_stationery;shop=stationery  
pen_store;shop=stationery,product=pens  
seal_and_hanko_dealers;shop=stationery,product=stamps  
self_storage_facility;shop=storage_rental
supermarket;shop=supermarket
asian_grocery_store;shop=supermarket,cuisine=asian
indian_grocery_store;shop=supermarket,cuisine=indian
japanese_grocery_store;shop=supermarket,cuisine=japanese
korean_grocery_store;shop=supermarket,cuisine=korean
kosher_grocery_store;shop=supermarket,cuisine=kosher
mexican_grocery_store;shop=supermarket,cuisine=mexican
russian_grocery_store;shop=supermarket,cuisine=russian
international_grocery_store;shop=supermarket,international=yes  
organic_grocery_store;shop=supermarket,organic=yes
specialty_grocery_store;shop=supermarket,specialty=yes  
hot_tubs_and_pools;shop=swimming_pool  
tattoo;shop=tattoo
tattoo_and_piercing;shop=tattoo,piercing=yes
railway_service;shop=ticket
tile_store;shop=tiles  
tobacco_shop;shop=tobacco
toy_store;shop=toys
abrasives_supplier;shop=trade
b2b_tractor_dealers;shop=trade,trade=agricultural_machinery  
agricultural_seed_store;shop=trade,trade=agricultural_supplies  
b2b_farming;
b2b_farms;
awning_supplier;shop=trade,trade=awnings
beverage_supplier;shop=trade,trade=beverages  
box_lunch_supplier;shop=trade,trade=catering_supplies  
cement_supplier;shop=trade,trade=cement  
b2b_cleaning_and_waste_management;
cleaning_products_supplier;shop=trade,trade=cleaning_supplies  
b2b_apparel;shop=trade,trade=clothes
b2b_textiles;shop=trade,trade=clothes  
coal_and_coke;shop=trade,trade=coal  
beauty_product_supplier;shop=trade,trade=cosmetics  
b2b_dairies;shop=trade,trade=dairy  
b2b_electronic_equipment;shop=trade,trade=electronics  
battery_inverter_supplier;
fire_protection_service;shop=trade,trade=fire_safety  
b2b_agriculture_and_food;shop=trade,trade=food
b2b_food_products;shop=trade,trade=food  
forklift_dealer;shop=trade,trade=forklift  
b2b_furniture_and_housewares;shop=trade,trade=furniture  
granite_supplier;shop=trade,trade=granite  
gravel_professionals;shop=trade,trade=gravel  
b2b_hardware;shop=trade,trade=hardware  
b2b_equipment_maintenance_and_repair;shop=trade,trade=industrial_equipment  
b2b_jewelers;shop=trade,trade=jewelry  
logging_equipment_and_supplies;shop=trade,trade=logging_equipment  
lumber_store;shop=trade,trade=lumber  
b2b_medical_support_services;shop=trade,trade=medical_supplies  
metal_supplier;shop=trade,trade=metal  
business_equipment_and_supply;shop=trade,trade=office_supplies  
pipe_supplier;shop=trade,trade=pipes  
b2b_rubber_and_plastics;shop=trade,trade=plastics  
commercial_refrigeration;shop=trade,trade=refrigeration  
retaining_wall_supplier;shop=trade,trade=retaining_walls  
safety_equipment;shop=trade,trade=safety_equipment  
sand_and_gravel_supplier;shop=trade,trade=sand
scale_supplier;shop=trade,trade=scales  
b2b_scientific_equipment;shop=trade,trade=scientific_equipment  
sheet_metal;shop=trade,trade=sheet_metal  
shutters;shop=trade,trade=shutters  
b2b_sporting_and_recreation_goods;shop=trade,trade=sports_equipment  
spring_supplier;shop=trade,trade=springs  
stone_supplier;shop=trade,trade=stone  
b2b_storage_and_warehouses;shop=trade,trade=storage  
trucks_and_industrial_vehicles;shop=trade,trade=trucks  
b2b_tires;shop=trade,trade=tyres  
b2b_autos_and_vehicles;shop=trade,trade=vehicles
water_softening_equipment_supplier;shop=trade,trade=water_softener  
window_supplier;shop=trade,trade=windows  
travel_agents;shop=travel_agency
trophy_shop;shop=trophy  
commercial_vehicle_dealer;shop=truck  
tire_shop;shop=tyres
tire_dealer_and_repair;shop=tyres,service=repair  
back_shop;shop=variety_store  
video_game_store;shop=video_games  
video_and_video_game_rentals;shop=video,rental=yes  
watch_store;shop=watches
water_store;shop=water
gun_and_ammo;shop=weapons  
wholesale_store;shop=wholesale
electrical_wholesaler;shop=wholesale,product=electrical  
fabric_wholesaler;shop=wholesale,product=fabric  
fitness_equipment_wholesaler;shop=wholesale,product=fitness_equipment  
wholesale_florist;shop=wholesale,product=flowers  
restaurant_wholesale;shop=wholesale,product=food_service  
furniture_wholesalers;shop=wholesale,product=furniture  
wholesale_grocer;shop=wholesale,product=grocery  
hotel_supply_service;shop=wholesale,product=hotel_supplies  
hvac_supplier;shop=wholesale,product=HVAC  
hydraulic_equipment_supplier;shop=wholesale,product=hydraulics  
industrial_spares_and_products_wholesaler;shop=wholesale,product=industrial_spares  
lingerie_wholesaler;shop=wholesale,product=lingerie  
meat_wholesaler;shop=wholesale,product=meat  
oil_and_gas_field_equipment_and_services;shop=wholesale,product=oilfield_equipment  
optical_wholesaler;shop=wholesale,product=optics  
pharmaceutical_products_wholesaler;shop=wholesale,product=pharmaceuticals  
playground_equipment_supplier;shop=wholesale,product=playground_equipment  
produce_wholesaler;shop=wholesale,product=produce  
restaurant_equipment_and_supply;shop=wholesale,product=restaurant_supplies  
seafood_wholesaler;shop=wholesale,product=seafood  
footwear_wholesaler;shop=wholesale,product=shoes  
spices_wholesaler;shop=wholesale,product=spices  
tea_wholesaler;shop=wholesale,product=tea  
thread_supplier;shop=wholesale,product=threads  
tools_wholesaler;shop=wholesale,product=tools  
vending_machine_supplier;shop=wholesale,product=vending_machines  
wine_wholesaler;shop=wholesale,product=wine  
threads_and_yarns_wholesaler;shop=wholesale,product=yarn  
mulled_wine;shop=wine
shopping;shop=yes
martial_arts_club;sport=martial_arts
mountain_huts;tourism=alpine_hut
service_apartments;tourism=apartment
aquarium;tourism=aquarium
street_art;tourism=artwork,artwork_type=mural  
attractions_and_activities;tourism=attraction
bungee_jumping_center;tourism=attraction,attraction=bungee_jumping  
cliff_jumping_center;tourism=attraction,attraction=cliff_jumping  
attraction_farm;tourism=attraction,attraction=farm
walking_tours;tourism=attraction,attraction=guided_tour  
haunted_house;tourism=attraction,attraction=haunted_house  
hot_air_balloons_tour;tourism=attraction,attraction=hot_air_balloon  
parasailing_ride_service;tourism=attraction,attraction=parasailing  
racing_experience;tourism=attraction,attraction=racing_experience  
challenge_courses_center;tourism=attraction,attraction=ropes_course  
snorkeling;tourism=attraction,attraction=snorkeling  
sugar_shack;tourism=attraction,attraction=sugar_shack  
trains;tourism=attraction,attraction=train_display  
tubing_provider;tourism=attraction,attraction=tubing  
whale_watching_tours;tourism=attraction,attraction=whale_watching  
campground;tourism=camp_site
rv_park;tourism=caravan_site
cabin;tourism=chalet
art_gallery;tourism=gallery
guest_house;tourism=guest_house
bed_and_breakfast;tourism=guest_house,guest_house=bed_and_breakfast
ryokan;tourism=guest_house,guest_house=ryokan  
hostel;tourism=hostel
hotel;tourism=hotel
onsen;tourism=hotel,hot_spring=yes  
health_retreats;tourism=hotel,leisure=spa  
ski_resort;tourism=hotel,sport=skiing  
visitor_center;tourism=information,information=visitor_centre
motel;tourism=motel
museum;tourism=museum
art_museum;tourism=museum,museum=art
decorative_arts_museum;tourism=museum,museum=art,art_subject=decorative  
children's_museum;tourism=museum,museum=children  
design_museum;tourism=museum,museum=design  
history_museum;tourism=museum,museum=history  
costume_museum;tourism=museum,museum=history,subject=costumes  
military_museum;tourism=museum,museum=military  
national_museum;tourism=museum,museum=national  
photography_museum;tourism=museum,museum=photography  
state_museum;tourism=museum,museum=regional  
science_museum;tourism=museum,museum=science  
sports_museum;tourism=museum,museum=sports  
computer_museum;tourism=museum,museum=technology  
textile_museum;tourism=museum,museum=textile  
amusement_park;tourism=theme_park
aerial_tours;tourism=tours,tours=aerial
architectural_tours;tourism=tours,tours=architectural
art_tours;tourism=tours,tours=art
atv_rentals_and_tours;tourism=tours,tours=atv,atv:rental=yes
beer_tours;tourism=tours,tours=beer  
bike_tours;tourism=tours,tours=bike  
boat_tours;tourism=tours,tours=boat  
bus_tours;tourism=tours,tours=bus  
cannabis_tour;tourism=tours,tours=cannabis  
climbing_service;tourism=tours,tours=mountaineering  
lookout;tourism=viewpoint
stargazing_area;tourism=viewpoint,astronomy=yes  
wine_tasting_room;tourism=winery,tasting=yes  
accommodation;tourism=yes
zoo;tourism=zoo
petting_zoo;tourism=zoo,zoo=petting_zoo
canal;waterway=canal
dam;waterway=dam
river;waterway=river
waterfall;waterway=waterfall
weir;waterway=weir
christmas_trees;xmas:feature=tree
balloon_ports;
balloon_services;
pet_sitting;
pet_adoption;
art_space_rental;
cultural_center;
performing_arts;
bank_credit_union;
mortgage_lender;
beach_bar;
dive_bar;
hotel_bar;
vermouth_bar;
bicycle_sharing_location;
bike_sharing;
coach_bus;
cafeteria;
car_rental_agency;
bus_rentals;
brake_service_and_repair;
engine_repair_service;
exhaust_and_muffler_repair;
hybrid_car_repair;
interlock_system;
truck_repair_and_services_for_businesses;
automotive_wheel_polishing_service;
community_health_center;
nurse_practitioner;
physician_assistant;
storefront_clinic;
walk_in_clinic;
vocational_and_technical_school;
civic_center;
shared_office_space;
general_dentistry;
scuba_diving_center;
family_practice;
child_psychiatrist;
boxing_club;
traffic_school;
executive_search_consultants;
temp_agency;
fair;
general_festivals;
venue_and_event_space;
trade_fair;
food_stand;
food_truck;
mystic;
psychic_medium;
supernatural_reading;
ambulance_and_ems_services;
frozen_yoghurt_shop;
gelato;
ice_cream_and_frozen_yoghurt;
scientific_laboratories;
bazaars;
farmers_market;
market_stall;
street_vendor;
cabaret;
salsa_club;
automotive_storage_facility;
religious_organization;
mission;
law_enforcement;
shipping_collection_services;
courier_and_delivery_services;
shipping_center;
eat_and_drink;
food;
pop_up_restaurant;
chicken_wings_restaurant;
rotisserie_chicken_restaurant;
pigs_trotters_restaurant;
wok_restaurant;
bistro;
brasserie;
nasi_restaurant;
taco_restaurant;
venison_restaurant;
supper_club;
business_schools;
education;
tutoring_center;
retirement_home;
credit_and_debt_counseling;
crisis_intervention_services;
social_welfare_center;
day_spa;
float_spa;
health_spa;
spas;
warehouse_rental_services_and_yards;
adult_entertainment;
television_station;
taxi_rank;
delegated_driver_service;
auditorium;
cpr_classes;
tasting_classes;
medical_sciences_schools;
automobile_registration_service;
animal_hospital;
animal_physical_therapy;
animal_rescue_service;
condominium;
art_restoration;
art_restoration_service;
calligraphy;
commissioned_artist;
face_painting;
boat_service_and_repair;
furniture_manufacturers;
furniture_repair;
carpet_installation;
landscaping;
furniture_assembly;
mobile_home_repair;
jewelry_manufacturer;
casino;
casting_molding_and_machining;
iron_work;
machine_shop;
metal_fabricator;
steel_fabricators;
event_photography;
session_photography;
closet_remodeling;
ceiling_and_roofing_repair_and_service;
ceiling_service;
marble_and_granite_professionals;
custom_clothing;
sewing_and_alterations;
grout_service;
furniture_reupholstery;
nutritionist;
cosmetic_surgeon;
behavior_analyst;
fish_farms_and_hatcheries;
poultry_farming;
orchards_production;
country_club;
fraternal_organization;
professional_sports_team;
esports_league;
aerial_fitness_center;
fitness_trainer;
health_and_wellness_club;
yoga_instructor;
equestrian_facility;
horseback_riding_service;
skating_rink;
boating_places;
backpacking_area;
bubble_soccer_field;
kids_recreation_and_party;
active_life;
sports_and_recreation_venue;
gymnastics_club;
high_gliding_center;
beach_volleyball_club;
soccer_stadium;
weaving_mill;
acoustical_consultant;
after_school_program;
agricultural_service;
agriculture;
air_duct_cleaning_service;
airline;
airlines;
amateur_sports_league;
amateur_sports_team;
animal_assisted_therapy;
archaeological_services;
armed_forces_branch;
artificial_turf;
astrologer;
audio_visual_production_and_design;
automotive;
backflow_services;
background_check_services;
bank_equipment_service;
bartender;
beach_equipment_rentals;
blow_dry_blow_out_service;
blueprinters;
board_of_education_offices;
body_contouring;
boot_camp;
brokers;
cardio_classes;
cheese_tasting_classes;
childproofing;
choir;
clown;
club_crawl;
collection_agencies;
college_counseling;
web_designer;
web_hosting_service;
youth_organizations;
natural_hot_springs;
bookkeeper;
secretarial_services;
typing_services;
copywriting_service;
direct_mail_advertising;
marketing_consultant;
media_agency;
newspaper_advertising;
outdoor_advertising;
publicity_service;
business_advertising;
business_signage;
architectural_designer;
architecture;
exterior_design;
chamber_of_handicraft;
chambers_of_commerce;
private_association;
community_services_non_profits;
janitorial_services;
office_cleaning;
private_establishments_and_corporates;
biotechnology_company;
bottled_water_company;
business_manufacturing_and_supply;
business_to_business_services;
commercial_industrial;
corporate_office;
estate_liquidation;
farming_services;
fingerprinting_service;
game_publisher;
holding_companies;
manufacturers_agents_and_representatives;
organization;
professional_services;
oil_and_gas_exploration_and_development;
altering_and_remodeling_contractor;
building_contractor;
construction_management;
construction_services;
appraisal_services;
business_management_services;
business_records_storage_and_management;
career_counseling;
consultant_and_general_service;
image_consultant;
food_consultant;
health_coach;
irrigation_companies;
masonry_concrete;
hydro_jetting;
pool_cleaning;
product_design;
instrumentation_engineers;
mechanical_engineers;
apartment_agent;
commercial_real_estate;
real_estate_agent;
real_estate_service;
corporate_entertainment_services;
event_technology_service;
party_and_event_planning;
billing_services;
bulk_billing;
business_banking_service;
business_financing;
escrow_services;
financial_advising;
investing;
investment_management_company;
mortgage_broker;
payroll_services;
private_equity_firm;
trusts;
federal_government_offices;
central_government_office;
certification_agency;
local_and_state_government_offices;
public_and_government_association;
public_service_and_government;
importer_and_exporter;
importers;
fidelity_and_surety_bonds;
health_insurance_office;
pet_insurance;
computer_hardware_company;
e_commerce_service;
it_consultant;
it_support_snd_service;
general_litigation;
legal_services;
business_storage_and_transportation;
customs_broker;
freight_and_cargo_service;
freight_forwarding_agency;
editorial_services;
mass_media;
media_critic;
movie_critic;
music_critic;
video_game_critic;
environmental_conservation_organization;
environmental_renewable_natural_resource;
topic_publisher;
music_production_services;
telecommunications;
telephone_services;
translation_services;
tours;
travel_company;
travel_services;
food_tours;
historical_tours;
public_utility_company;
dumpster_rentals;
public_plaza;
light_rail_and_subway_stations;
farming_equipment_store;
fertilizer_store;
livestock_feed_and_supply_store;
aircraft_parts_and_supplies;
liquor_store;
handbag_stores;
baguettes;
flatbread;
aesthetician;
cosmetic_and_beauty_supplies;
esthetician;
eyebrow_service;
eyelash_service;
tanning_bed;
hair_replacement;
boat_parts_and_accessories;
boat_parts_and_supply_store;
academic_bookstore;
book_magazine_distribution;
books_mags_music_and_video;
community_book_boxes;
meat_shop;
cannabis_dispensary;
auto_company;
auto_loan_provider;
auto_manufacturers_and_distributors;
automation_services;
car_broker;
car_buyer;
car_dealer;
truck_dealer_for_businesses;
automotive_parts_and_accessories;
recreational_vehicle_dealer;
trailer_dealer;
rug_store;
clothing_company;
boutique;
custom_t_shirt_store;
coffee_roastery;
computer_wholesaler;
commercial_printer;
duplication_services;
arts_and_crafts;
handicraft_shop;
window_treatment_store;
concept_shop;
superstore;
home_and_garden;
home_improvement_store;
lighting_fixtures_and_equipment;
audio_visual_equipment_store;
avionics_shop;
car_stereo_installation;
car_stereo_store;
battery_store;
floral_designer;
cabinet_sales_service;
furniture_accessory_store;
nursery_and_gardening;
corporate_gift_supplier;
customized_merchandise;
fruits_and_vegetables;
hair_salon;
hair_stylist;
bathroom_fixture_stores;
building_supply_store;
fastener_supplier;
ethical_grocery;
health_food_store;
bedding_and_bath_stores;
home_goods_store;
kitchen_supply_store;
diamond_dealer;
cleaning_services;
hospital_equipment_and_supplies;
army_and_navy_store;
bounce_house_rental;
cupcake_shop;
custom_cakes_shop;
macarons;
pie_shop;
gold_buyer;
aquarium_services;
aquatic_pet_store;
bird_shop;
pets;
pet_services;
boudoir_photography;
rental_services;
sports_and_recreation_rental_and_services;
fishmonger;
used_vintage_and_consignment;
home_security;
fitness_exercise_equipment;
sporting_goods;
cards_and_stationery_store;
educational_supply_store;
imported_food;
tabac;
aggregate_supplier;
bearing_supplier;
b2b_energy_mining;
b2b_oil_and_gas_extraction_and_services;
b2b_forklift_dealers;
b2b_machinery_and_tools;
b2b_truck_equipment_parts_and_accessories;
industrial_equipment;
aluminum_supplier;
iron_and_steel_store;
metal_materials_and_experts;
metals;
b2b_science_and_technology;
airline_ticket_agency;
bus_service;
bus_ticket_agency;
cable_car_service;
clock_repair_service;
fmcg_wholesaler;
wholesaler;
retail;
self_catering_accommodation;
beach_combing_area;
holiday_park;
cottage;
holiday_rental_home;
agriturismo;
country_house;
inn;
lodge;
pension;
community_museum;
asian_art_museum;
cartooning_museum;
contemporary_art_museum;
modern_art_museum;
civilization_museum;
aviation_museum;
bar_crawl;
skyline;
